target,input_name,output_name
microsoft,000.PNG,T90_145.png
microsoft,001.PNG,T90_146.png
microsoft,004.PNG,T90_147.png
microsoft,005.PNG,T90_148.png
microsoft,006.PNG,T90_149.png
microsoft,013.PNG,T90_150.png
microsoft,027.PNG,T90_151.png
microsoft,073.PNG,T90_152.png
microsoft,089.PNG,T90_153.png
microsoft,095.PNG,T90_154.png
microsoft,103.PNG,T90_155.png
microsoft,105.PNG,T90_156.png
microsoft,110.PNG,T90_157.png
microsoft,112.PNG,T90_158.png
microsoft,113.PNG,T90_159.png
microsoft,133.PNG,T90_160.png
microsoft,135.PNG,T90_161.png
microsoft,155.PNG,T90_162.png
microsoft,192.PNG,T90_163.png
microsoft,238.PNG,T90_164.png
microsoft,256.PNG,T90_165.png
microsoft,278.PNG,T90_166.png
microsoft,279.PNG,T90_167.png
microsoft,280.PNG,T90_168.png
microsoft,281.PNG,T90_169.png
microsoft,285.PNG,T90_170.png
microsoft,286.PNG,T90_171.png
microsoft,287.PNG,T90_172.png
microsoft,288.PNG,T90_173.png
microsoft,300.PNG,T90_174.png
microsoft,320.PNG,T90_175.png
microsoft,321.PNG,T90_176.png
microsoft,330.PNG,T90_177.png
microsoft,358.PNG,T90_178.png
microsoft,359.PNG,T90_179.png
microsoft,364.PNG,T90_180.png
microsoft,372.PNG,T90_181.png
microsoft,408.PNG,T90_182.png
microsoft,468.PNG,T90_183.png
microsoft,524.PNG,T90_184.png
microsoft,525.PNG,T90_185.png
microsoft,532.PNG,T90_186.png
microsoft,566.PNG,T90_187.png
microsoft,606.PNG,T90_188.png
microsoft,608.PNG,T90_189.png
microsoft,617.PNG,T90_190.png
microsoft,618.PNG,T90_191.png
microsoft,619.PNG,T90_192.png
microsoft,635.PNG,T90_193.png
microsoft,637.PNG,T90_194.png
microsoft,638.PNG,T90_195.png
microsoft,639.PNG,T90_196.png
microsoft,640.PNG,T90_197.png
microsoft,641.PNG,T90_198.png
microsoft,642.PNG,T90_199.png
microsoft,645.PNG,T90_200.png
microsoft,646.PNG,T90_201.png
microsoft,647.PNG,T90_202.png
microsoft,648.PNG,T90_203.png
microsoft,655.PNG,T90_204.png
microsoft,666.PNG,T90_205.png
microsoft,702.PNG,T90_206.png
microsoft,703.PNG,T90_207.png
microsoft,704.PNG,T90_208.png
microsoft,705.PNG,T90_209.png
microsoft,706.PNG,T90_210.png
microsoft,707.PNG,T90_211.png
microsoft,709.PNG,T90_212.png
microsoft,717.PNG,T90_213.png
microsoft,718.PNG,T90_214.png
microsoft,722.PNG,T90_215.png
microsoft,737.PNG,T90_216.png
microsoft,738.PNG,T90_217.png
microsoft,741.PNG,T90_218.png
microsoft,742.PNG,T90_219.png
microsoft,743.PNG,T90_220.png
microsoft,750.PNG,T90_221.png
microsoft,772.PNG,T90_222.png
microsoft,789.PNG,T90_223.png
microsoft,801.PNG,T90_224.png
microsoft,805.PNG,T90_225.png
microsoft,821.PNG,T90_226.png
microsoft,826.PNG,T90_227.png
microsoft,834.PNG,T90_228.png
microsoft,912.PNG,T90_229.png
microsoft,916.PNG,T90_230.png
att,002.PNG,T15_14.png
att,026.PNG,T15_15.png
att,057.PNG,T15_16.png
att,096.PNG,T15_17.png
att,100.PNG,T15_18.png
att,156.PNG,T15_19.png
att,157.PNG,T15_20.png
att,158.PNG,T15_21.png
att,164.PNG,T15_22.png
att,165.PNG,T15_23.png
att,410.PNG,T15_24.png
att,411.PNG,T15_25.png
att,413.PNG,T15_26.png
att,425.PNG,T15_27.png
att,794.PNG,T15_28.png
att,946.PNG,T15_29.png
facebook,003.PNG,T59_130.png
facebook,038.PNG,T59_131.png
facebook,074.PNG,T59_132.png
facebook,079.PNG,T59_133.png
facebook,123.jpg,T59_134.jpg
facebook,126.png,T59_135.png
facebook,132.png,T59_136.png
facebook,226.PNG,T59_137.png
facebook,227.jpg,T59_138.jpg
facebook,228.jpg,T59_139.jpg
facebook,229.PNG,T59_140.png
facebook,260.PNG,T59_141.png
facebook,272.PNG,T59_142.png
facebook,368.PNG,T59_143.png
facebook,369.PNG,T59_144.png
facebook,459.PNG,T59_145.png
facebook,466.PNG,T59_146.png
facebook,467.PNG,T59_147.png
facebook,535.PNG,T59_148.png
facebook,597.PNG,T59_149.png
facebook,649.PNG,T59_150.png
facebook,656.PNG,T59_151.png
facebook,665.PNG,T59_152.png
facebook,689.PNG,T59_153.png
facebook,751.PNG,T59_154.png
facebook,798.PNG,T59_155.png
facebook,874.jpg,T59_156.jpg
facebook,875.PNG,T59_157.png
facebook,876.jpg,T59_158.jpg
facebook,877.PNG,T59_159.png
facebook,878.PNG,T59_160.png
facebook,879.PNG,T59_161.png
facebook,880.PNG,T59_162.png
facebook,881.PNG,T59_163.png
facebook,882.PNG,T59_164.png
facebook,883.PNG,T59_165.png
facebook,884.jpg,T59_166.jpg
facebook,885.jpg,T59_167.jpg
facebook,898.PNG,T59_168.png
facebook,937.PNG,T59_169.png
facebook,938.PNG,T59_170.png
facebook,947.PNG,T59_171.png
amazon,007.PNG,T7_26.png
amazon,010.PNG,T7_27.png
amazon,015.PNG,T7_28.png
amazon,018.PNG,T7_29.png
amazon,019.PNG,T7_30.png
amazon,020.PNG,T7_31.png
amazon,036.PNG,T7_32.png
amazon,037.PNG,T7_33.png
amazon,058.PNG,T7_34.png
amazon,071.PNG,T7_35.png
amazon,104.jpg,T7_36.jpg
amazon,106.PNG,T7_37.png
amazon,107.jpg,T7_38.jpg
amazon,108.jpg,T7_39.jpg
amazon,109.jpg,T7_40.jpg
amazon,111.PNG,T7_41.png
amazon,147.jpg,T7_42.jpg
amazon,187.PNG,T7_43.png
amazon,261.PNG,T7_44.png
amazon,299.PNG,T7_45.png
amazon,301.PNG,T7_46.png
amazon,312.PNG,T7_47.png
amazon,313.PNG,T7_48.png
amazon,352.PNG,T7_49.png
amazon,353.PNG,T7_50.png
amazon,367.PNG,T7_51.png
amazon,447.PNG,T7_52.png
amazon,611.PNG,T7_53.png
amazon,668.PNG,T7_54.png
amazon,669.PNG,T7_55.png
amazon,721.jpg,T7_56.jpg
amazon,767.jpg,T7_57.jpg
amazon,802.PNG,T7_58.png
amazon,820.PNG,T7_59.png
amazon,825.PNG,T7_60.png
amazon,828.PNG,T7_61.png
amazon,837.PNG,T7_62.png
amazon,838.PNG,T7_63.png
amazon,840.PNG,T7_64.png
amazon,841.PNG,T7_65.png
amazon,842.PNG,T7_66.png
amazon,858.PNG,T7_67.png
amazon,949.PNG,T7_68.png
amazon,951.PNG,T7_69.png
amazon,952.PNG,T7_70.png
amazon,953.PNG,T7_71.png
amazon,954.PNG,T7_72.png
bnp_paribas,008.PNG,T28_1.png
ms_onedrive,009.PNG,T149_32.png
ms_onedrive,011.PNG,T149_33.png
ms_onedrive,081.PNG,T149_34.png
ms_onedrive,116.PNG,T149_35.png
ms_onedrive,119.PNG,T149_36.png
ms_onedrive,197.PNG,T149_37.png
ms_onedrive,309.PNG,T149_38.png
ms_onedrive,421.PNG,T149_39.png
ms_onedrive,426.PNG,T149_40.png
ms_onedrive,533.PNG,T149_41.png
ms_onedrive,559.PNG,T149_42.png
ms_onedrive,564.PNG,T149_43.png
ms_onedrive,567.PNG,T149_44.png
ms_onedrive,568.PNG,T149_45.png
ms_onedrive,578.PNG,T149_46.png
ms_onedrive,579.PNG,T149_47.png
ms_onedrive,604.PNG,T149_48.png
ms_onedrive,652.PNG,T149_49.png
ms_onedrive,653.PNG,T149_50.png
ms_onedrive,658.PNG,T149_51.png
ms_onedrive,708.PNG,T149_52.png
ms_onedrive,715.PNG,T149_53.png
ms_onedrive,716.PNG,T149_54.png
ms_onedrive,720.PNG,T149_55.png
ms_onedrive,727.PNG,T149_56.png
ms_onedrive,740.PNG,T149_57.png
ms_onedrive,777.PNG,T149_58.png
ms_onedrive,792.PNG,T149_59.png
ms_onedrive,864.PNG,T149_60.png
ms_office,012.PNG,T152_37.png
ms_office,090.PNG,T152_38.png
ms_office,091.PNG,T152_39.png
ms_office,355.PNG,T152_40.png
ms_office,356.PNG,T152_41.png
ms_office,389.PNG,T152_42.png
ms_office,390.PNG,T152_43.png
ms_office,529.PNG,T152_44.png
ms_office,565.PNG,T152_45.png
ms_office,729.PNG,T152_46.png
ms_office,843.PNG,T152_47.png
ms_office,844.PNG,T152_48.png
ms_office,847.PNG,T152_49.png
ms_office,865.PNG,T152_50.png
ms_office,866.PNG,T152_51.png
ms_office,921.PNG,T152_52.png
bradesco,014.PNG,T31_2.png
bradesco,087.PNG,T31_3.png
bradesco,172.PNG,T31_4.png
bradesco,609.PNG,T31_5.png
bradesco,610.PNG,T31_6.png
bradesco,662.PNG,T31_7.png
bradesco,663.PNG,T31_8.png
bradesco,664.PNG,T31_9.png
bradesco,730.PNG,T31_10.png
bradesco,734.PNG,T31_11.png
bradesco,744.PNG,T31_12.png
bradesco,780.PNG,T31_13.png
bradesco,782.PNG,T31_14.png
bradesco,783.PNG,T31_15.png
bradesco,784.PNG,T31_16.png
bradesco,785.PNG,T31_17.png
bradesco,786.PNG,T31_18.png
bradesco,787.PNG,T31_19.png
ebay,016.PNG,T54_9.png
ebay,075.PNG,T54_10.png
ebay,076.PNG,T54_11.png
ebay,078.PNG,T54_12.png
ebay,149.PNG,T54_13.png
ebay,198.jpg,T54_14.jpg
ebay,205.PNG,T54_15.png
ebay,206.PNG,T54_16.png
ebay,207.PNG,T54_17.png
ebay,209.PNG,T54_18.png
ebay,234.PNG,T54_19.png
ebay,235.PNG,T54_20.png
ebay,365.PNG,T54_21.png
ebay,371.PNG,T54_22.png
ebay,373.PNG,T54_23.png
ebay,374.PNG,T54_24.png
ebay,376.PNG,T54_25.png
ebay,378.PNG,T54_26.png
ebay,379.PNG,T54_27.png
ebay,380.PNG,T54_28.png
ebay,381.PNG,T54_29.png
ebay,382.PNG,T54_30.png
ebay,383.PNG,T54_31.png
ebay,392.PNG,T54_32.png
ebay,414.PNG,T54_33.png
ebay,415.PNG,T54_34.png
ebay,416.PNG,T54_35.png
ebay,621.PNG,T54_36.png
ebay,793.PNG,T54_37.png
ebay,810.PNG,T54_38.png
ebay,813.PNG,T54_39.png
ebay,814.PNG,T54_40.png
ebay,815.PNG,T54_41.png
ebay,923.PNG,T54_42.png
ebay,924.PNG,T54_43.png
ebay,929.PNG,T54_44.png
ebay,930.PNG,T54_45.png
ebay,931.PNG,T54_46.png
grupo_bancolombia,017.PNG,T67_34.png
grupo_bancolombia,056.PNG,T67_1.png
grupo_bancolombia,191.PNG,T67_2.png
grupo_bancolombia,412.PNG,T67_3.png
grupo_bancolombia,422.PNG,T67_4.png
grupo_bancolombia,465.PNG,T67_5.png
grupo_bancolombia,475.PNG,T67_6.png
grupo_bancolombia,494.PNG,T67_7.png
grupo_bancolombia,495.PNG,T67_8.png
grupo_bancolombia,498.PNG,T67_9.png
grupo_bancolombia,508.PNG,T67_10.png
grupo_bancolombia,509.PNG,T67_11.png
grupo_bancolombia,723.PNG,T67_12.png
grupo_bancolombia,748.PNG,T67_13.png
grupo_bancolombia,749.PNG,T67_14.png
grupo_bancolombia,822.PNG,T67_15.png
grupo_bancolombia,823.PNG,T67_16.png
grupo_bancolombia,824.PNG,T67_17.png
grupo_bancolombia,850.PNG,T67_18.png
grupo_bancolombia,851.PNG,T67_19.png
grupo_bancolombia,852.PNG,T67_20.png
grupo_bancolombia,856.PNG,T67_21.png
grupo_bancolombia,857.PNG,T67_22.png
grupo_bancolombia,870.PNG,T67_23.png
grupo_bancolombia,871.PNG,T67_24.png
grupo_bancolombia,872.PNG,T67_25.png
grupo_bancolombia,873.PNG,T67_26.png
grupo_bancolombia,902.PNG,T67_27.png
grupo_bancolombia,909.PNG,T67_28.png
grupo_bancolombia,917.PNG,T67_29.png
grupo_bancolombia,932.PNG,T67_30.png
grupo_bancolombia,934.PNG,T67_31.png
grupo_bancolombia,942.PNG,T67_32.png
grupo_bancolombia,943.PNG,T67_33.png
bt,021.PNG,T32_4.png
bt,083.PNG,T32_5.png
bt,084.PNG,T32_6.png
bt,085.PNG,T32_7.png
bt,086.PNG,T32_8.png
bt,194.PNG,T32_9.png
bt,195.PNG,T32_10.png
bt,196.PNG,T32_11.png
bt,322.PNG,T32_12.png
bt,477.PNG,T32_13.png
bt,517.PNG,T32_14.png
bt,518.PNG,T32_15.png
bt,519.PNG,T32_16.png
bt,520.PNG,T32_17.png
bt,521.PNG,T32_18.png
bt,522.PNG,T32_19.png
bt,620.PNG,T32_20.png
bt,774.PNG,T32_21.png
bt,775.PNG,T32_22.png
bt,776.PNG,T32_23.png
bt,831.PNG,T32_24.png
bt,832.PNG,T32_25.png
bt,833.PNG,T32_26.png
ms_bing,022.PNG,T151_1.png
aruba,023.jpg,T14_2.jpg
aruba,024.jpg,T14_3.jpg
aruba,314.PNG,T14_4.png
aruba,315.PNG,T14_5.png
aruba,316.PNG,T14_6.png
aruba,436.jpg,T14_7.jpg
aruba,437.PNG,T14_8.png
aruba,442.PNG,T14_9.png
aruba,443.jpg,T14_10.jpg
aruba,444.PNG,T14_11.png
aruba,445.PNG,T14_12.png
aruba,460.PNG,T14_13.png
aruba,461.PNG,T14_14.png
aruba,530.PNG,T14_15.png
aruba,624.PNG,T14_16.png
aruba,625.PNG,T14_17.png
aruba,659.PNG,T14_18.png
aruba,660.PNG,T14_19.png
aruba,945.PNG,T14_20.png
nab,025.PNG,T94_6.png
orange,028.PNG,T103_15.png
orange,117.PNG,T103_16.png
orange,145.PNG,T103_17.png
orange,323.PNG,T103_18.png
orange,324.PNG,T103_19.png
orange,325.PNG,T103_20.png
orange,340.PNG,T103_21.png
orange,342.PNG,T103_22.png
orange,343.PNG,T103_23.png
orange,344.PNG,T103_24.png
orange,345.PNG,T103_25.png
orange,346.PNG,T103_26.png
orange,347.PNG,T103_27.png
orange,348.PNG,T103_28.png
orange,349.PNG,T103_29.png
orange,448.PNG,T103_30.png
orange,449.PNG,T103_31.png
orange,450.PNG,T103_32.png
orange,451.PNG,T103_33.png
orange,627.PNG,T103_34.png
orange,628.PNG,T103_35.png
orange,629.PNG,T103_36.png
orange,630.PNG,T103_37.png
orange,631.PNG,T103_38.png
orange,632.PNG,T103_39.png
orange,634.PNG,T103_40.png
orange,688.PNG,T103_41.png
orange,728.PNG,T103_42.png
orange,735.PNG,T103_43.png
orange,736.PNG,T103_44.png
orange,803.PNG,T103_45.png
orange,804.PNG,T103_46.png
orange,895.PNG,T103_47.png
orange,896.PNG,T103_48.png
orange,918.PNG,T103_49.png
orange,919.PNG,T103_50.png
orange,920.PNG,T103_51.png
boa,029.PNG,T30_41.png
boa,093.PNG,T30_42.png
boa,094.PNG,T30_43.png
boa,121.jpg,T30_44.jpg
boa,136.PNG,T30_45.png
boa,275.jpg,T30_46.jpg
boa,427.PNG,T30_47.png
boa,428.PNG,T30_48.png
boa,429.PNG,T30_49.png
boa,430.PNG,T30_50.png
boa,432.PNG,T30_51.png
boa,433.PNG,T30_52.png
boa,439.PNG,T30_53.png
boa,446.PNG,T30_54.png
boa,538.PNG,T30_55.png
boa,539.PNG,T30_56.png
boa,540.PNG,T30_57.png
boa,541.PNG,T30_58.png
boa,542.PNG,T30_59.png
boa,543.PNG,T30_60.png
boa,545.PNG,T30_61.png
boa,546.PNG,T30_62.png
boa,547.PNG,T30_63.png
boa,548.PNG,T30_64.png
boa,549.PNG,T30_65.png
boa,550.PNG,T30_66.png
boa,551.PNG,T30_67.png
boa,552.PNG,T30_68.png
boa,553.PNG,T30_69.png
boa,571.PNG,T30_70.png
boa,572.PNG,T30_71.png
boa,573.PNG,T30_72.png
boa,574.PNG,T30_73.png
boa,575.PNG,T30_74.png
boa,583.PNG,T30_75.png
boa,584.PNG,T30_76.png
boa,585.PNG,T30_77.png
boa,586.PNG,T30_78.png
boa,587.PNG,T30_79.png
boa,588.PNG,T30_80.png
boa,603.PNG,T30_81.png
boa,859.PNG,T30_82.png
boa,860.PNG,T30_83.png
dhl,030.jpg,T50_43.jpg
dhl,050.jpg,T50_44.jpg
dhl,120.jpg,T50_45.jpg
dhl,434.PNG,T50_46.png
dhl,569.PNG,T50_47.png
dhl,598.PNG,T50_48.png
dhl,633.PNG,T50_49.png
dhl,643.PNG,T50_50.png
dhl,644.PNG,T50_51.png
dhl,835.PNG,T50_52.png
dhl,836.PNG,T50_53.png
dhl,944.PNG,T50_54.png
wells_fargo,031.jpg,T140_35.jpg
wells_fargo,049.jpg,T140_36.jpg
wells_fargo,127.png,T140_37.png
wells_fargo,166.PNG,T140_38.png
wells_fargo,167.PNG,T140_39.png
wells_fargo,168.PNG,T140_40.png
wells_fargo,318.PNG,T140_41.png
wells_fargo,337.PNG,T140_42.png
wells_fargo,435.PNG,T140_43.png
wells_fargo,438.PNG,T140_44.png
wells_fargo,457.PNG,T140_45.png
wells_fargo,526.PNG,T140_46.png
wells_fargo,527.PNG,T140_47.png
wells_fargo,528.PNG,T140_48.png
wells_fargo,534.PNG,T140_49.png
wells_fargo,560.PNG,T140_50.png
wells_fargo,561.PNG,T140_51.png
wells_fargo,580.PNG,T140_52.png
wells_fargo,581.PNG,T140_53.png
wells_fargo,582.PNG,T140_54.png
wells_fargo,673.PNG,T140_55.png
wells_fargo,674.PNG,T140_56.png
wells_fargo,675.PNG,T140_57.png
wells_fargo,676.PNG,T140_58.png
wells_fargo,677.PNG,T140_59.png
wells_fargo,678.PNG,T140_60.png
wells_fargo,683.PNG,T140_61.png
wells_fargo,687.PNG,T140_62.png
wells_fargo,692.PNG,T140_63.png
wells_fargo,693.PNG,T140_64.png
wells_fargo,694.PNG,T140_65.png
wells_fargo,695.PNG,T140_66.png
wells_fargo,719.PNG,T140_67.png
wells_fargo,732.PNG,T140_68.png
wells_fargo,733.PNG,T140_69.png
wells_fargo,754.PNG,T140_70.png
wells_fargo,756.PNG,T140_71.png
wells_fargo,764.PNG,T140_72.png
wells_fargo,854.PNG,T140_73.png
wells_fargo,906.PNG,T140_74.png
wells_fargo,907.PNG,T140_75.png
chase,032.PNG,T39_40.png
chase,039.PNG,T39_41.png
chase,045.png,T39_42.png
chase,102.PNG,T39_43.png
chase,114.PNG,T39_44.png
chase,122.png,T39_45.png
chase,138.PNG,T39_46.png
chase,139.PNG,T39_47.png
chase,140.PNG,T39_48.png
chase,271.PNG,T39_49.png
chase,282.PNG,T39_50.png
chase,283.PNG,T39_51.png
chase,284.jpg,T39_52.jpg
chase,290.PNG,T39_53.png
chase,291.PNG,T39_54.png
chase,295.PNG,T39_55.png
chase,334.PNG,T39_56.png
chase,335.PNG,T39_57.png
chase,417.PNG,T39_58.png
chase,418.PNG,T39_59.png
chase,419.PNG,T39_60.png
chase,420.PNG,T39_61.png
chase,431.PNG,T39_62.png
chase,556.PNG,T39_63.png
chase,557.PNG,T39_64.png
chase,558.PNG,T39_65.png
chase,591.PNG,T39_66.png
chase,592.PNG,T39_67.png
chase,593.PNG,T39_68.png
chase,594.PNG,T39_69.png
chase,800.PNG,T39_70.png
chase,811.PNG,T39_71.png
chase,812.PNG,T39_72.png
chase,903.PNG,T39_73.png
chase,904.PNG,T39_74.png
chase,908.PNG,T39_75.png
chase,915.PNG,T39_76.png
chase,941.PNG,T39_77.png
netflix,033.PNG,T98_6.png
netflix,351.PNG,T98_7.png
netflix,440.PNG,T98_8.png
netflix,493.PNG,T98_9.png
netflix,499.PNG,T98_10.png
netflix,576.PNG,T98_11.png
netflix,577.PNG,T98_12.png
netflix,615.PNG,T98_13.png
netflix,636.PNG,T98_14.png
netflix,685.PNG,T98_15.png
netflix,711.PNG,T98_16.png
netflix,712.PNG,T98_17.png
netflix,900.PNG,T98_18.png
netflix,922.PNG,T98_19.png
netflix,925.PNG,T98_20.png
netflix,926.PNG,T98_21.png
netflix,927.PNG,T98_22.png
netflix,928.PNG,T98_23.png
paypal,034.jpg,T108_119.jpg
paypal,051.jpg,T108_120.jpg
paypal,052.png,T108_121.png
paypal,053.jpg,T108_122.jpg
paypal,054.PNG,T108_123.png
paypal,063.PNG,T108_124.png
paypal,064.PNG,T108_125.png
paypal,065.PNG,T108_126.png
paypal,066.PNG,T108_127.png
paypal,067.PNG,T108_128.png
paypal,125.jpg,T108_129.jpg
paypal,146.PNG,T108_130.png
paypal,148.PNG,T108_131.png
paypal,151.PNG,T108_132.png
paypal,152.PNG,T108_133.png
paypal,153.PNG,T108_134.png
paypal,154.PNG,T108_135.png
paypal,159.PNG,T108_136.png
paypal,160.PNG,T108_137.png
paypal,161.PNG,T108_138.png
paypal,162.PNG,T108_139.png
paypal,163.PNG,T108_140.png
paypal,169.PNG,T108_141.png
paypal,170.PNG,T108_142.png
paypal,171.PNG,T108_143.png
paypal,173.PNG,T108_144.png
paypal,174.PNG,T108_145.png
paypal,175.PNG,T108_146.png
paypal,176.PNG,T108_147.png
paypal,188.PNG,T108_148.png
paypal,189.PNG,T108_149.png
paypal,190.PNG,T108_150.png
paypal,199.PNG,T108_151.png
paypal,200.PNG,T108_152.png
paypal,202.PNG,T108_153.png
paypal,203.PNG,T108_154.png
paypal,204.jpg,T108_155.jpg
paypal,210.PNG,T108_156.png
paypal,211.PNG,T108_157.png
paypal,212.PNG,T108_158.png
paypal,213.PNG,T108_159.png
paypal,214.PNG,T108_160.png
paypal,215.PNG,T108_161.png
paypal,217.PNG,T108_162.png
paypal,218.PNG,T108_163.png
paypal,219.PNG,T108_164.png
paypal,220.PNG,T108_165.png
paypal,222.PNG,T108_166.png
paypal,223.PNG,T108_167.png
paypal,224.PNG,T108_168.png
paypal,225.PNG,T108_169.png
paypal,274.PNG,T108_170.png
paypal,292.PNG,T108_171.png
paypal,302.PNG,T108_172.png
paypal,305.PNG,T108_173.png
paypal,308.PNG,T108_174.png
paypal,311.PNG,T108_175.png
paypal,317.PNG,T108_176.png
paypal,319.PNG,T108_177.png
paypal,336.PNG,T108_178.png
paypal,338.PNG,T108_179.png
paypal,361.PNG,T108_180.png
paypal,362.PNG,T108_181.png
paypal,363.PNG,T108_182.png
paypal,366.PNG,T108_183.png
paypal,370.PNG,T108_184.png
paypal,377.PNG,T108_185.png
paypal,384.PNG,T108_186.png
paypal,385.PNG,T108_187.png
paypal,386.PNG,T108_188.png
paypal,387.PNG,T108_189.png
paypal,388.PNG,T108_190.png
paypal,393.PNG,T108_191.png
paypal,394.PNG,T108_192.png
paypal,395.PNG,T108_193.png
paypal,396.PNG,T108_194.png
paypal,397.PNG,T108_195.png
paypal,398.PNG,T108_196.png
paypal,399.PNG,T108_197.png
paypal,400.PNG,T108_198.png
paypal,401.PNG,T108_199.png
paypal,409.PNG,T108_200.png
paypal,423.PNG,T108_201.png
paypal,456.PNG,T108_202.png
paypal,471.PNG,T108_203.png
paypal,472.PNG,T108_204.png
paypal,473.PNG,T108_205.png
paypal,476.PNG,T108_206.png
paypal,478.PNG,T108_207.png
paypal,479.PNG,T108_208.png
paypal,480.PNG,T108_209.png
paypal,481.PNG,T108_210.png
paypal,482.PNG,T108_211.png
paypal,483.PNG,T108_212.png
paypal,484.PNG,T108_213.png
paypal,485.PNG,T108_214.png
paypal,490.PNG,T108_215.png
paypal,491.PNG,T108_216.png
paypal,492.PNG,T108_217.png
paypal,512.PNG,T108_218.png
paypal,536.PNG,T108_219.png
paypal,555.PNG,T108_220.png
paypal,599.PNG,T108_221.png
paypal,605.PNG,T108_222.png
paypal,612.PNG,T108_223.png
paypal,654.PNG,T108_224.png
paypal,667.PNG,T108_225.png
paypal,671.PNG,T108_226.png
paypal,672.PNG,T108_227.png
paypal,679.PNG,T108_228.png
paypal,686.PNG,T108_229.png
paypal,739.PNG,T108_230.png
paypal,758.PNG,T108_231.png
paypal,759.PNG,T108_232.png
paypal,760.PNG,T108_233.png
paypal,761.PNG,T108_234.png
paypal,762.PNG,T108_235.png
paypal,763.PNG,T108_236.png
paypal,765.PNG,T108_237.png
paypal,766.PNG,T108_238.png
paypal,768.PNG,T108_239.png
paypal,773.PNG,T108_240.png
paypal,795.PNG,T108_241.png
paypal,796.PNG,T108_242.png
paypal,797.PNG,T108_243.png
paypal,816.PNG,T108_244.png
paypal,817.PNG,T108_245.png
paypal,839.PNG,T108_246.png
paypal,853.PNG,T108_247.png
paypal,868.PNG,T108_248.png
paypal,892.PNG,T108_249.png
paypal,893.PNG,T108_250.png
paypal,897.PNG,T108_251.png
paypal,901.PNG,T108_252.png
paypal,905.PNG,T108_253.png
paypal,935.PNG,T108_254.png
paypal,936.PNG,T108_255.png
twitter,035.PNG,T136_3.png
google,040.PNG,T65_37.png
google,236.PNG,T65_38.png
google,237.PNG,T65_39.png
google,650.PNG,T65_40.png
google,745.PNG,T65_41.png
google,746.PNG,T65_42.png
google,747.PNG,T65_43.png
google,849.PNG,T65_44.png
google,914.PNG,T65_45.png
bcp,041.PNG,T24_8.png
bcp,099.PNG,T24_1.png
bcp,216.PNG,T24_2.png
bcp,458.PNG,T24_3.png
bcp,510.PNG,T24_4.png
bcp,570.PNG,T24_5.png
bcp,933.PNG,T24_6.png
bcp,940.PNG,T24_7.png
yahoo,042.png,T144_70.png
yahoo,072.png,T144_71.png
yahoo,088.PNG,T144_72.png
yahoo,137.PNG,T144_73.png
yahoo,554.PNG,T144_74.png
yahoo,607.PNG,T144_75.png
yahoo,790.PNG,T144_76.png
yahoo,791.PNG,T144_77.png
alibaba,043.png,T4_53.png
alibaba,339.PNG,T4_54.png
alibaba,341.PNG,T4_55.png
alibaba,537.PNG,T4_56.png
alibaba,590.PNG,T4_57.png
alibaba,622.PNG,T4_58.png
itau,044.png,T77_13.png
itau,068.PNG,T77_14.png
itau,069.PNG,T77_15.png
itau,092.PNG,T77_16.png
itau,391.PNG,T77_17.png
itau,462.PNG,T77_18.png
itau,463.PNG,T77_19.png
itau,464.PNG,T77_20.png
itau,486.PNG,T77_21.png
itau,487.PNG,T77_22.png
itau,488.PNG,T77_23.png
itau,489.PNG,T77_24.png
itau,497.jpg,T77_25.jpg
itau,830.PNG,T77_26.png
itau,869.PNG,T77_27.png
itau,886.PNG,T77_28.png
itau,887.PNG,T77_29.png
ms_outlook,046.png,T150_33.png
ms_outlook,060.PNG,T150_34.png
ms_outlook,082.PNG,T150_35.png
ms_outlook,118.PNG,T150_36.png
ms_outlook,144.PNG,T150_37.png
ms_outlook,193.PNG,T150_38.png
ms_outlook,201.PNG,T150_39.png
ms_outlook,357.PNG,T150_40.png
ms_outlook,402.PNG,T150_41.png
ms_outlook,404.PNG,T150_42.png
ms_outlook,405.PNG,T150_43.png
ms_outlook,406.PNG,T150_44.png
ms_outlook,474.PNG,T150_45.png
ms_outlook,523.PNG,T150_46.png
ms_outlook,600.PNG,T150_47.png
ms_outlook,710.PNG,T150_48.png
ms_outlook,829.PNG,T150_49.png
caixa_bank,047.png,T33_2.png
caixa_bank,939.PNG,T33_3.png
linkedin,048.png,T84_26.png
linkedin,657.PNG,T84_27.png
linkedin,726.PNG,T84_28.png
linkedin,855.PNG,T84_29.png
linkedin,861.PNG,T84_30.png
linkedin,862.PNG,T84_31.png
linkedin,863.PNG,T84_32.png
linkedin,899.PNG,T84_33.png
runescape,055.PNG,T112_3.png
runescape,059.PNG,T112_4.png
runescape,273.PNG,T112_5.png
runescape,333.PNG,T112_6.png
runescape,779.PNG,T112_7.png
runescape,781.PNG,T112_8.png
runescape,889.PNG,T112_9.png
runescape,890.PNG,T112_10.png
runescape,911.PNG,T112_11.png
absa,061.PNG,T0_9.png
absa,062.PNG,T0_10.png
absa,101.PNG,T0_11.png
absa,407.PNG,T0_12.png
absa,845.jpg,T0_13.jpg
suntrust,070.PNG,T127_1.png
suntrust,616.PNG,T127_2.png
suntrust,778.PNG,T127_3.png
suntrust,891.PNG,T127_4.png
irs,077.PNG,T76_16.png
irs,799.jpg,T76_17.jpg
dropbox,080.PNG,T53_40.png
dropbox,134.PNG,T53_41.png
dropbox,186.PNG,T53_42.png
dropbox,276.PNG,T53_43.png
dropbox,670.PNG,T53_44.png
dropbox,681.PNG,T53_45.png
dropbox,724.PNG,T53_46.png
adidas,097.PNG,T1_1.png
adidas,098.PNG,T1_2.png
adidas,143.PNG,T1_3.png
adidas,177.PNG,T1_4.png
adidas,179.PNG,T1_5.png
adidas,208.PNG,T1_6.png
adidas,289.PNG,T1_7.png
capital_one,115.PNG,T35_2.png
capital_one,230.PNG,T35_3.png
capital_one,231.PNG,T35_4.png
usaa,124.png,T138_11.png
google_drive,128.png,T147_20.png
google_drive,129.png,T147_21.png
hsbc,130.png,T69_3.png
hsbc,131.png,T69_4.png
hsbc,651.PNG,T69_5.png
mdpd,141.jpg,T88_3.jpg
mdpd,185.jpg,T88_4.jpg
typeform,142.PNG,T137_1.png
allegro,150.PNG,T6_9.png
allegro,307.PNG,T6_10.png
allegro,310.PNG,T6_11.png
allegro,360.PNG,T6_12.png
allegro,469.PNG,T6_13.png
allegro,470.PNG,T6_14.png
allegro,500.PNG,T6_15.png
allegro,501.PNG,T6_16.png
allegro,502.PNG,T6_17.png
allegro,503.PNG,T6_18.png
allegro,504.PNG,T6_19.png
allegro,505.PNG,T6_20.png
allegro,506.PNG,T6_21.png
allegro,507.PNG,T6_22.png
allegro,511.PNG,T6_23.png
allegro,513.PNG,T6_24.png
allegro,514.PNG,T6_25.png
allegro,515.PNG,T6_26.png
allegro,516.PNG,T6_27.png
allegro,596.PNG,T6_28.png
allegro,601.PNG,T6_29.png
american_express,178.PNG,T9_51.png
american_express,180.PNG,T9_52.png
american_express,181.PNG,T9_53.png
american_express,182.PNG,T9_3.png
american_express,183.PNG,T9_4.png
american_express,184.PNG,T9_5.png
american_express,221.PNG,T9_6.png
american_express,239.PNG,T9_7.png
american_express,240.PNG,T9_8.png
american_express,241.PNG,T9_9.png
american_express,242.PNG,T9_10.png
american_express,243.PNG,T9_11.png
american_express,244.PNG,T9_12.png
american_express,245.PNG,T9_13.png
american_express,246.PNG,T9_14.png
american_express,247.PNG,T9_15.png
american_express,248.PNG,T9_16.png
american_express,249.PNG,T9_17.png
american_express,250.PNG,T9_18.png
american_express,251.PNG,T9_19.png
american_express,252.PNG,T9_20.png
american_express,253.PNG,T9_21.png
american_express,254.PNG,T9_22.png
american_express,255.PNG,T9_23.png
american_express,257.PNG,T9_24.png
american_express,258.PNG,T9_25.png
american_express,259.PNG,T9_26.png
american_express,262.PNG,T9_27.png
american_express,263.PNG,T9_28.png
american_express,264.PNG,T9_29.png
american_express,265.PNG,T9_30.png
american_express,266.PNG,T9_31.png
american_express,267.PNG,T9_32.png
american_express,268.PNG,T9_33.png
american_express,269.PNG,T9_34.png
american_express,270.PNG,T9_35.png
american_express,294.PNG,T9_36.png
american_express,296.PNG,T9_37.png
american_express,297.PNG,T9_38.png
american_express,303.PNG,T9_39.png
american_express,304.PNG,T9_40.png
american_express,452.PNG,T9_41.png
american_express,453.PNG,T9_42.png
american_express,454.PNG,T9_43.png
american_express,455.PNG,T9_44.png
american_express,544.PNG,T9_45.png
american_express,626.PNG,T9_46.png
american_express,682.PNG,T9_47.png
american_express,752.PNG,T9_48.png
american_express,753.PNG,T9_49.png
american_express,755.PNG,T9_50.png
la_banque_postale,232.PNG,T79_7.png
la_banque_postale,233.PNG,T79_8.png
la_banque_postale,293.PNG,T79_9.png
la_banque_postale,684.PNG,T79_10.png
la_banque_postale,809.PNG,T79_11.png
instagram,298.PNG,T75_7.png
bankia,306.PNG,T20_1.png
dkb,326.PNG,T51_1.png
dkb,327.PNG,T51_2.png
dkb,328.PNG,T51_3.png
lloyds_bank,329.PNG,T85_4.png
lloyds_bank,332.PNG,T85_1.png
lloyds_bank,818.PNG,T85_2.png
lloyds_bank,819.PNG,T85_3.png
nedbank,331.PNG,T97_1.png
nedbank,424.PNG,T97_2.png
nedbank,661.PNG,T97_3.png
nedbank,680.PNG,T97_4.png
nedbank,770.PNG,T97_5.png
nedbank,771.PNG,T97_6.png
nedbank,848.PNG,T97_7.png
nedbank,888.PNG,T97_8.png
steam,350.PNG,T122_4.png
steam,354.PNG,T122_5.png
steam,690.PNG,T122_6.png
barclaycard,375.PNG,T21_1.png
apple,403.PNG,T12_40.png
apple,589.PNG,T12_41.png
apple,614.PNG,T12_42.png
apple,696.PNG,T12_43.png
apple,697.PNG,T12_44.png
apple,698.PNG,T12_45.png
apple,699.PNG,T12_46.png
apple,700.PNG,T12_47.png
apple,701.PNG,T12_48.png
apple,713.PNG,T12_49.png
apple,714.PNG,T12_50.png
apple,725.PNG,T12_51.png
apple,788.PNG,T12_52.png
apple,846.PNG,T12_53.png
la_poste,441.PNG,T80_1.png
strato,496.PNG,T123_1.png
strato,623.PNG,T123_2.png
strato,769.PNG,T123_3.png
adobe,531.PNG,T2_34.png
cibc,562.PNG,T40_1.png
cibc,563.PNG,T40_2.png
gov_uk,595.PNG,T66_5.png
gov_uk,602.PNG,T66_6.png
gov_uk,691.PNG,T66_7.png
gov_uk,731.PNG,T66_8.png
gov_uk,948.PNG,T66_9.png
barclays,613.PNG,T22_1.png
barclays,757.PNG,T22_2.png
barclays,827.PNG,T22_3.png
ourtime,806.PNG,T106_7.png
ourtime,807.PNG,T106_8.png
ourtime,808.PNG,T106_9.png
ourtime,867.PNG,T106_10.png
bahia,894.PNG,T17_3.png
walmart,910.PNG,T139_1.png
walmart,913.PNG,T139_2.png
sparkasse,950.PNG,T120_3.png
